path,spoken_language,signed_language,start,end,words,glosses,priority
ase/dummy.pose,en,ase,0,100,dummy,DUMMY,0
ins/hello.pose,en,ins,0,0,hello,HELLO,0
ase/goodbye.pose,en,ase,0,0,goodbye,GOODBYE,0
ase/please.pose,en,ase,0,0,please,PLEASE,0
ins/thank_you.pose,en,ins,0,0,thank you,THANK_YOU,0
ins/sorry.pose,en,ins,0,0,sorry,SORRY,0
ins/yes.pose,en,ins,0,0,yes,YES,0
ins/no.pose,en,ins,0,0,no,NO,0
ins/help.pose,en,ins,0,0,help,HELP,0
ins/welcome.pose,en,ins,0,0,welcome,WELCOME,0
ins/excuse_me.pose,en,ins,0,0,excuse me,EXCUSE_ME,0
ins/i.pose,en,ins,0,0,i,I,0
ins/you.pose,en,ins,0,0,you,YOU,0
ins/he.pose,en,ins,0,0,he,HE,0
ase/she.pose,en,ase,0,0,she,SHE,0
ins/we.pose,en,ins,0,0,we,WE,0
ins/they.pose,en,ins,0,0,they,THEY,0
ins/it.pose,en,ins,0,0,it,IT,0
ins/me.pose,en,ins,0,0,me,ME,0
ase/my.pose,en,ase,0,0,my,MY,0
ase/your.pose,en,ase,0,0,your,YOUR,0
ins/his.pose,en,ins,0,0,his,HIS,0
ins/her.pose,en,ins,0,0,her,HER,0
ins/our.pose,en,ins,0,0,our,OUR,0
ins/their.pose,en,ins,0,0,their,THEIR,0
ins/go.pose,en,ins,0,0,go,GO,0
ins/come.pose,en,ins,0,0,come,COME,0
ase/eat.pose,en,ase,0,0,eat,EAT,0
ins/drink.pose,en,ins,0,0,drink,DRINK,0
ins/sleep.pose,en,ins,0,0,sleep,SLEEP,0
ins/walk.pose,en,ins,0,0,walk,WALK,0
ase/run.pose,en,ase,0,0,run,RUN,0
ase/sit.pose,en,ase,0,0,sit,SIT,0
ins/stand.pose,en,ins,0,0,stand,STAND,0
ase/work.pose,en,ase,0,0,work,WORK,0
ins/play.pose,en,ins,0,0,play,PLAY,0
ins/read.pose,en,ins,0,0,read,READ,0
ins/write.pose,en,ins,0,0,write,WRITE,0
ins/speak.pose,en,ins,0,0,speak,SPEAK,0
ins/listen.pose,en,ins,0,0,listen,LISTEN,0
ase/see.pose,en,ase,0,0,see,SEE,0
ins/know.pose,en,ins,0,0,know,KNOW,0
ins/like.pose,en,ins,0,0,like,LIKE,0
ins/love.pose,en,ins,0,0,love,LOVE,0
ins/want.pose,en,ins,0,0,want,WANT,0
ins/need.pose,en,ins,0,0,need,NEED,0
ins/have.pose,en,ins,0,0,have,HAVE,0
ins/give.pose,en,ins,0,0,give,GIVE,0
ase/get.pose,en,ase,0,0,get,GET,0
ase/make.pose,en,ase,0,0,make,MAKE,0
ins/think.pose,en,ins,0,0,think,THINK,0
ins/feel.pose,en,ins,0,0,feel,FEEL,0
ins/call.pose,en,ins,0,0,call,CALL,0
ins/look.pose,en,ins,0,0,look,LOOK,0
ins/find.pose,en,ins,0,0,find,FIND,0
ins/use.pose,en,ins,0,0,use,USE,0
ins/tell.pose,en,ins,0,0,tell,TELL,0
ase/ask.pose,en,ase,0,0,ask,ASK,0
ins/buy.pose,en,ins,0,0,buy,BUY,0
ins/pay.pose,en,ins,0,0,pay,PAY,0
ins/learn.pose,en,ins,0,0,learn,LEARN,0
ins/study.pose,en,ins,0,0,study,STUDY,0
ins/teach.pose,en,ins,0,0,teach,TEACH,0
ase/stop.pose,en,ase,0,0,stop,STOP,0
ins/wait.pose,en,ins,0,0,wait,WAIT,0
ins/open.pose,en,ins,0,0,open,OPEN,0
ase/close.pose,en,ase,0,0,close,CLOSE,0
ins/start.pose,en,ins,0,0,start,START,0
ins/finish.pose,en,ins,0,0,finish,FINISH,0
ins/bring.pose,en,ins,0,0,bring,BRING,0
ins/take.pose,en,ins,0,0,take,TAKE,0
ins/man.pose,en,ins,0,0,man,MAN,0
ins/woman.pose,en,ins,0,0,woman,WOMAN,0
ins/child.pose,en,ins,0,0,child,CHILD,0
ins/baby.pose,en,ins,0,0,baby,BABY,0
ins/mother.pose,en,ins,0,0,mother,MOTHER,0
ins/father.pose,en,ins,0,0,father,FATHER,0
ins/sister.pose,en,ins,0,0,sister,SISTER,0
ins/brother.pose,en,ins,0,0,brother,BROTHER,0
ins/family.pose,en,ins,0,0,family,FAMILY,0
ins/friend.pose,en,ins,0,0,friend,FRIEND,0
ins/doctor.pose,en,ins,0,0,doctor,DOCTOR,0
ins/teacher.pose,en,ins,0,0,teacher,TEACHER,0
ins/student.pose,en,ins,0,0,student,STUDENT,0
ins/police.pose,en,ins,0,0,police,POLICE,0
ins/home.pose,en,ins,0,0,home,HOME,0
ins/school.pose,en,ins,0,0,school,SCHOOL,0
ins/hospital.pose,en,ins,0,0,hospital,HOSPITAL,0
ins/market.pose,en,ins,0,0,market,MARKET,0
ase/store.pose,en,ase,0,0,store,STORE,0
ins/office.pose,en,ins,0,0,office,OFFICE,0
ase/park.pose,en,ase,0,0,park,PARK,0
ins/library.pose,en,ins,0,0,library,LIBRARY,0
ins/restaurant.pose,en,ins,0,0,restaurant,RESTAURANT,0
ins/airport.pose,en,ins,0,0,airport,AIRPORT,0
ins/station.pose,en,ins,0,0,station,STATION,0
ins/city.pose,en,ins,0,0,city,CITY,0
ins/country.pose,en,ins,0,0,country,COUNTRY,0
ins/road.pose,en,ins,0,0,road,ROAD,0
ins/water.pose,en,ins,0,0,water,WATER,0
ins/bathroom.pose,en,ins,0,0,bathroom,BATHROOM,0
ase/food.pose,en,ase,0,0,food,FOOD,0
ins/money.pose,en,ins,0,0,money,MONEY,0
ase/phone.pose,en,ase,0,0,phone,PHONE,0
ins/car.pose,en,ins,0,0,car,CAR,0
ins/book.pose,en,ins,0,0,book,BOOK,0
ins/door.pose,en,ins,0,0,door,DOOR,0
ins/window.pose,en,ins,0,0,window,WINDOW,0
ins/table.pose,en,ins,0,0,table,TABLE,0
ins/chair.pose,en,ins,0,0,chair,CHAIR,0
ins/bed.pose,en,ins,0,0,bed,BED,0
ins/clothes.pose,en,ins,0,0,clothes,CLOTHES,0
ase/medicine.pose,en,ase,0,0,medicine,MEDICINE,0
ins/today.pose,en,ins,0,0,today,TODAY,0
ins/tomorrow.pose,en,ins,0,0,tomorrow,TOMORROW,0
ins/yesterday.pose,en,ins,0,0,yesterday,YESTERDAY,0
ins/now.pose,en,ins,0,0,now,NOW,0
ase/later.pose,en,ase,0,0,later,LATER,0
ins/morning.pose,en,ins,0,0,morning,MORNING,0
ins/afternoon.pose,en,ins,0,0,afternoon,AFTERNOON,0
ins/evening.pose,en,ins,0,0,evening,EVENING,0
ins/night.pose,en,ins,0,0,night,NIGHT,0
ins/week.pose,en,ins,0,0,week,WEEK,0
ins/month.pose,en,ins,0,0,month,MONTH,0
ins/year.pose,en,ins,0,0,year,YEAR,0
ins/monday.pose,en,ins,0,0,monday,MONDAY,0
ins/tuesday.pose,en,ins,0,0,tuesday,TUESDAY,0
ins/wednesday.pose,en,ins,0,0,wednesday,WEDNESDAY,0
ins/thursday.pose,en,ins,0,0,thursday,THURSDAY,0
ins/friday.pose,en,ins,0,0,friday,FRIDAY,0
ins/saturday.pose,en,ins,0,0,saturday,SATURDAY,0
ins/sunday.pose,en,ins,0,0,sunday,SUNDAY,0
ins/one.pose,en,ins,0,0,one,ONE,0
ins/two.pose,en,ins,0,0,two,TWO,0
ins/three.pose,en,ins,0,0,three,THREE,0
ins/four.pose,en,ins,0,0,four,FOUR,0
ins/five.pose,en,ins,0,0,five,FIVE,0
ins/six.pose,en,ins,0,0,six,SIX,0
ase/seven.pose,en,ase,0,0,seven,SEVEN,0
ins/eight.pose,en,ins,0,0,eight,EIGHT,0
ase/nine.pose,en,ase,0,0,nine,NINE,0
ins/ten.pose,en,ins,0,0,ten,TEN,0
ins/hundred.pose,en,ins,0,0,hundred,HUNDRED,0
ins/thousand.pose,en,ins,0,0,thousand,THOUSAND,0
ins/what.pose,en,ins,0,0,what,WHAT,0
ins/where.pose,en,ins,0,0,where,WHERE,0
ins/when.pose,en,ins,0,0,when,WHEN,0
ins/who.pose,en,ins,0,0,who,WHO,0
ins/why.pose,en,ins,0,0,why,WHY,0
ins/how.pose,en,ins,0,0,how,HOW,0
ins/which.pose,en,ins,0,0,which,WHICH,0
ins/good.pose,en,ins,0,0,good,GOOD,0
ins/bad.pose,en,ins,0,0,bad,BAD,0
ins/big.pose,en,ins,0,0,big,BIG,0
ins/small.pose,en,ins,0,0,small,SMALL,0
ins/hot.pose,en,ins,0,0,hot,HOT,0
ins/cold.pose,en,ins,0,0,cold,COLD,0
ins/fast.pose,en,ins,0,0,fast,FAST,0
ins/slow.pose,en,ins,0,0,slow,SLOW,0
ins/easy.pose,en,ins,0,0,easy,EASY,0
ins/hard.pose,en,ins,0,0,hard,HARD,0
ins/new.pose,en,ins,0,0,new,NEW,0
ins/old.pose,en,ins,0,0,old,OLD,0
ins/happy.pose,en,ins,0,0,happy,HAPPY,0
ins/sad.pose,en,ins,0,0,sad,SAD,0
ins/sick.pose,en,ins,0,0,sick,SICK,0
ins/healthy.pose,en,ins,0,0,healthy,HEALTHY,0
ins/hungry.pose,en,ins,0,0,hungry,HUNGRY,0
ase/thirsty.pose,en,ase,0,0,thirsty,THIRSTY,0
ins/tired.pose,en,ins,0,0,tired,TIRED,0
ins/ready.pose,en,ins,0,0,ready,READY,0
ins/important.pose,en,ins,0,0,important,IMPORTANT,0
ins/beautiful.pose,en,ins,0,0,beautiful,BEAUTIFUL,0
ins/clean.pose,en,ins,0,0,clean,CLEAN,0
ins/dirty.pose,en,ins,0,0,dirty,DIRTY,0
ins/safe.pose,en,ins,0,0,safe,SAFE,0
ins/dangerous.pose,en,ins,0,0,dangerous,DANGEROUS,0
ins/far.pose,en,ins,0,0,far,FAR,0
ins/near.pose,en,ins,0,0,near,NEAR,0
ins/can.pose,en,ins,0,0,can,CAN,0
ins/will.pose,en,ins,0,0,will,WILL,0
ins/must.pose,en,ins,0,0,must,MUST,0
ins/should.pose,en,ins,0,0,should,SHOULD,0
ins/left.pose,en,ins,0,0,left,LEFT,0
ins/right.pose,en,ins,0,0,right,RIGHT,0
ins/up.pose,en,ins,0,0,up,UP,0
ins/down.pose,en,ins,0,0,down,DOWN,0
ins/here.pose,en,ins,0,0,here,HERE,0
ins/there.pose,en,ins,0,0,there,THERE,0
ins/inside.pose,en,ins,0,0,inside,INSIDE,0
ins/outside.pose,en,ins,0,0,outside,OUTSIDE,0
ins/red.pose,en,ins,0,0,red,RED,0
ins/blue.pose,en,ins,0,0,blue,BLUE,0
ase/green.pose,en,ase,0,0,green,GREEN,0
ins/yellow.pose,en,ins,0,0,yellow,YELLOW,0
ins/black.pose,en,ins,0,0,black,BLACK,0
ins/white.pose,en,ins,0,0,white,WHITE,0
ins/more.pose,en,ins,0,0,more,MORE,0
ase/less.pose,en,ase,0,0,less,LESS,0
ins/enough.pose,en,ins,0,0,enough,ENOUGH,0
ins/again.pose,en,ins,0,0,again,AGAIN,0
ins/together.pose,en,ins,0,0,together,TOGETHER,0
ins/alone.pose,en,ins,0,0,alone,ALONE,0
ase/always.pose,en,ase,0,0,always,ALWAYS,0
ins/never.pose,en,ins,0,0,never,NEVER,0
ins/sometimes.pose,en,ins,0,0,sometimes,SOMETIMES,0
ins/very.pose,en,ins,0,0,very,VERY,0
ins/maybe.pose,en,ins,0,0,maybe,MAYBE,0
ins/already.pose,en,ins,0,0,already,ALREADY,0
ins/still.pose,en,ins,0,0,still,STILL,0
ins/good_morning.pose,en,ins,0,0,good morning,GOOD_MORNING,0
ins/good_night.pose,en,ins,0,0,good night,GOOD_NIGHT,0
ins/good_afternoon.pose,en,ins,0,0,good afternoon,GOOD_AFTERNOON,0
ins/how_are_you.pose,en,ins,0,0,how are you,HOW_ARE_YOU,0
ins/nice_to_meet_you.pose,en,ins,0,0,nice to meet you,NICE_TO_MEET_YOU,0
ase/meet.pose,en,ase,0,0,meet,MEET,0
ins/try.pose,en,ins,0,0,try,TRY,0
ase/show.pose,en,ase,0,0,show,SHOW,0
ins/put.pose,en,ins,0,0,put,PUT,0
ins/keep.pose,en,ins,0,0,keep,KEEP,0
ins/send.pose,en,ins,0,0,send,SEND,0
ase/receive.pose,en,ase,0,0,receive,RECEIVE,0
ins/return.pose,en,ins,0,0,return,RETURN,0
ins/leave.pose,en,ins,0,0,leave,LEAVE,0
ins/arrive.pose,en,ins,0,0,arrive,ARRIVE,0
ins/stay.pose,en,ins,0,0,stay,STAY,0
ins/move.pose,en,ins,0,0,move,MOVE,0
ins/change.pose,en,ins,0,0,change,CHANGE,0
ins/check.pose,en,ins,0,0,check,CHECK,0
ins/remember.pose,en,ins,0,0,remember,REMEMBER,0
ins/forget.pose,en,ins,0,0,forget,FORGET,0
ase/understand.pose,en,ase,0,0,understand,UNDERSTAND,0
ins/agree.pose,en,ins,0,0,agree,AGREE,0
ase/disagree.pose,en,ase,0,0,disagree,DISAGREE,0
ins/choose.pose,en,ins,0,0,choose,CHOOSE,0
ins/decide.pose,en,ins,0,0,decide,DECIDE,0
ase/allow.pose,en,ase,0,0,allow,ALLOW,0
ins/repeat.pose,en,ins,0,0,repeat,REPEAT,0
ins/share.pose,en,ins,0,0,share,SHARE,0
ase/save.pose,en,ase,0,0,save,SAVE,0
ins/join.pose,en,ins,0,0,join,JOIN,0
ins/lose.pose,en,ins,0,0,lose,LOSE,0
ins/win.pose,en,ins,0,0,win,WIN,0
ins/break.pose,en,ins,0,0,break,BREAK,0
ins/fix.pose,en,ins,0,0,fix,FIX,0
ins/carry.pose,en,ins,0,0,carry,CARRY,0
ins/pull.pose,en,ins,0,0,pull,PULL,0
ins/push.pose,en,ins,0,0,push,PUSH,0
ase/turn.pose,en,ase,0,0,turn,TURN,0
ins/cut.pose,en,ins,0,0,cut,CUT,0
ins/wash.pose,en,ins,0,0,wash,WASH,0
ins/cook.pose,en,ins,0,0,cook,COOK,0
ins/drive.pose,en,ins,0,0,drive,DRIVE,0
ins/swim.pose,en,ins,0,0,swim,SWIM,0
ins/dance.pose,en,ins,0,0,dance,DANCE,0
ase/sing.pose,en,ase,0,0,sing,SING,0
ins/draw.pose,en,ins,0,0,draw,DRAW,0
ins/paint.pose,en,ins,0,0,paint,PAINT,0
ins/count.pose,en,ins,0,0,count,COUNT,0
ase/measure.pose,en,ase,0,0,measure,MEASURE,0
ase/type.pose,en,ase,0,0,type,TYPE,0
ins/search.pose,en,ins,0,0,search,SEARCH,0
ins/download.pose,en,ins,0,0,download,DOWNLOAD,0
ase/print.pose,en,ase,0,0,print,PRINT,0
ins/cry.pose,en,ins,0,0,cry,CRY,0
ins/laugh.pose,en,ins,0,0,laugh,LAUGH,0
ins/smile.pose,en,ins,0,0,smile,SMILE,0
ase/pray.pose,en,ase,0,0,pray,PRAY,0
ins/celebrate.pose,en,ins,0,0,celebrate,CELEBRATE,0
ins/apologize.pose,en,ins,0,0,apologize,APOLOGIZE,0
ins/borrow.pose,en,ins,0,0,borrow,BORROW,0
ase/lend.pose,en,ase,0,0,lend,LEND,0
ins/sell.pose,en,ins,0,0,sell,SELL,0
ins/rent.pose,en,ins,0,0,rent,RENT,0
ins/order.pose,en,ins,0,0,order,ORDER,0
ins/reserve.pose,en,ins,0,0,reserve,RESERVE,0
ins/husband.pose,en,ins,0,0,husband,HUSBAND,0
ins/wife.pose,en,ins,0,0,wife,WIFE,0
ins/son.pose,en,ins,0,0,son,SON,0
ins/daughter.pose,en,ins,0,0,daughter,DAUGHTER,0
ins/grandfather.pose,en,ins,0,0,grandfather,GRANDFATHER,0
ins/grandmother.pose,en,ins,0,0,grandmother,GRANDMOTHER,0
ins/uncle.pose,en,ins,0,0,uncle,UNCLE,0
ins/aunt.pose,en,ins,0,0,aunt,AUNT,0
ins/cousin.pose,en,ins,0,0,cousin,COUSIN,0
ins/neighbor.pose,en,ins,0,0,neighbor,NEIGHBOR,0
ins/boss.pose,en,ins,0,0,boss,BOSS,0
ins/colleague.pose,en,ins,0,0,colleague,COLLEAGUE,0
ins/nurse.pose,en,ins,0,0,nurse,NURSE,0
ase/engineer.pose,en,ase,0,0,engineer,ENGINEER,0
ins/lawyer.pose,en,ins,0,0,lawyer,LAWYER,0
ins/farmer.pose,en,ins,0,0,farmer,FARMER,0
ins/driver.pose,en,ins,0,0,driver,DRIVER,0
ins/chef.pose,en,ins,0,0,chef,CHEF,0
ase/soldier.pose,en,ase,0,0,soldier,SOLDIER,0
ase/priest.pose,en,ase,0,0,priest,PRIEST,0
ins/king.pose,en,ins,0,0,king,KING,0
ins/queen.pose,en,ins,0,0,queen,QUEEN,0
ins/village.pose,en,ins,0,0,village,VILLAGE,0
ins/town.pose,en,ins,0,0,town,TOWN,0
ase/state.pose,en,ase,0,0,state,STATE,0
ase/district.pose,en,ase,0,0,district,DISTRICT,0
ins/temple.pose,en,ins,0,0,temple,TEMPLE,0
ins/church.pose,en,ins,0,0,church,CHURCH,0
ase/mosque.pose,en,ase,0,0,mosque,MOSQUE,0
ins/bank.pose,en,ins,0,0,bank,BANK,0
ins/hotel.pose,en,ins,0,0,hotel,HOTEL,0
ase/stadium.pose,en,ase,0,0,stadium,STADIUM,0
ins/farm.pose,en,ins,0,0,farm,FARM,0
ins/forest.pose,en,ins,0,0,forest,FOREST,0
ins/beach.pose,en,ins,0,0,beach,BEACH,0
ins/mountain.pose,en,ins,0,0,mountain,MOUNTAIN,0
ins/river.pose,en,ins,0,0,river,RIVER,0
ase/lake.pose,en,ase,0,0,lake,LAKE,0
ins/ocean.pose,en,ins,0,0,ocean,OCEAN,0
ins/sea.pose,en,ins,0,0,sea,SEA,0
ins/desert.pose,en,ins,0,0,desert,DESERT,0
ins/garden.pose,en,ins,0,0,garden,GARDEN,0
ins/field.pose,en,ins,0,0,field,FIELD,0
ase/factory.pose,en,ase,0,0,factory,FACTORY,0
ins/museum.pose,en,ins,0,0,museum,MUSEUM,0
ase/theater.pose,en,ase,0,0,theater,THEATER,0
ase/mall.pose,en,ase,0,0,mall,MALL,0
ins/gym.pose,en,ins,0,0,gym,GYM,0
ins/clinic.pose,en,ins,0,0,clinic,CLINIC,0
ase/pharmacy.pose,en,ase,0,0,pharmacy,PHARMACY,0
ins/police_station.pose,en,ins,0,0,police station,POLICE_STATION,0
ins/fire_station.pose,en,ins,0,0,fire station,FIRE_STATION,0
ins/post_office.pose,en,ins,0,0,post office,POST_OFFICE,0
ase/head.pose,en,ase,0,0,head,HEAD,0
ins/hair.pose,en,ins,0,0,hair,HAIR,0
ins/face.pose,en,ins,0,0,face,FACE,0
ins/eye.pose,en,ins,0,0,eye,EYE,0
ins/ear.pose,en,ins,0,0,ear,EAR,0
ins/nose.pose,en,ins,0,0,nose,NOSE,0
ins/mouth.pose,en,ins,0,0,mouth,MOUTH,0
ase/teeth.pose,en,ase,0,0,teeth,TEETH,0
ins/tongue.pose,en,ins,0,0,tongue,TONGUE,0
ins/neck.pose,en,ins,0,0,neck,NECK,0
ase/shoulder.pose,en,ase,0,0,shoulder,SHOULDER,0
ins/arm.pose,en,ins,0,0,arm,ARM,0
ase/elbow.pose,en,ase,0,0,elbow,ELBOW,0
ase/hand.pose,en,ase,0,0,hand,HAND,0
ins/finger.pose,en,ins,0,0,finger,FINGER,0
ins/thumb.pose,en,ins,0,0,thumb,THUMB,0
ins/chest.pose,en,ins,0,0,chest,CHEST,0
ins/stomach.pose,en,ins,0,0,stomach,STOMACH,0
ins/back.pose,en,ins,0,0,back,BACK,0
ase/leg.pose,en,ase,0,0,leg,LEG,0
ase/knee.pose,en,ase,0,0,knee,KNEE,0
ase/foot.pose,en,ase,0,0,foot,FOOT,0
ase/toe.pose,en,ase,0,0,toe,TOE,0
ins/heart.pose,en,ins,0,0,heart,HEART,0
ase/brain.pose,en,ase,0,0,brain,BRAIN,0
ins/skin.pose,en,ins,0,0,skin,SKIN,0
ase/blood.pose,en,ase,0,0,blood,BLOOD,0
ase/bone.pose,en,ase,0,0,bone,BONE,0
ins/milk.pose,en,ins,0,0,milk,MILK,0
ins/tea.pose,en,ins,0,0,tea,TEA,0
ins/coffee.pose,en,ins,0,0,coffee,COFFEE,0
ins/juice.pose,en,ins,0,0,juice,JUICE,0
ins/rice.pose,en,ins,0,0,rice,RICE,0
ins/bread.pose,en,ins,0,0,bread,BREAD,0
ins/egg.pose,en,ins,0,0,egg,EGG,0
ins/meat.pose,en,ins,0,0,meat,MEAT,0
ins/fish.pose,en,ins,0,0,fish,FISH,0
ins/chicken.pose,en,ins,0,0,chicken,CHICKEN,0
ins/vegetable.pose,en,ins,0,0,vegetable,VEGETABLE,0
ins/fruit.pose,en,ins,0,0,fruit,FRUIT,0
ins/apple.pose,en,ins,0,0,apple,APPLE,0
ins/banana.pose,en,ins,0,0,banana,BANANA,0
ins/orange.pose,en,ins,0,0,orange,ORANGE,0
ins/mango.pose,en,ins,0,0,mango,MANGO,0
ins/potato.pose,en,ins,0,0,potato,POTATO,0
ins/onion.pose,en,ins,0,0,onion,ONION,0
ins/tomato.pose,en,ins,0,0,tomato,TOMATO,0
ins/sugar.pose,en,ins,0,0,sugar,SUGAR,0
ins/salt.pose,en,ins,0,0,salt,SALT,0
ins/oil.pose,en,ins,0,0,oil,OIL,0
ins/butter.pose,en,ins,0,0,butter,BUTTER,0
ins/cheese.pose,en,ins,0,0,cheese,CHEESE,0
ins/sweet.pose,en,ins,0,0,sweet,SWEET,0
ins/cake.pose,en,ins,0,0,cake,CAKE,0
ins/chocolate.pose,en,ins,0,0,chocolate,CHOCOLATE,0
ins/soup.pose,en,ins,0,0,soup,SOUP,0
ase/lunch.pose,en,ase,0,0,lunch,LUNCH,0
ase/dinner.pose,en,ase,0,0,dinner,DINNER,0
ase/breakfast.pose,en,ase,0,0,breakfast,BREAKFAST,0
ins/snack.pose,en,ins,0,0,snack,SNACK,0
ins/dog.pose,en,ins,0,0,dog,DOG,0
ins/cat.pose,en,ins,0,0,cat,CAT,0
ins/cow.pose,en,ins,0,0,cow,COW,0
ins/horse.pose,en,ins,0,0,horse,HORSE,0
ins/elephant.pose,en,ins,0,0,elephant,ELEPHANT,0
ins/lion.pose,en,ins,0,0,lion,LION,0
ins/tiger.pose,en,ins,0,0,tiger,TIGER,0
ins/bear.pose,en,ins,0,0,bear,BEAR,0
ins/monkey.pose,en,ins,0,0,monkey,MONKEY,0
ins/bird.pose,en,ins,0,0,bird,BIRD,0
ins/snake.pose,en,ins,0,0,snake,SNAKE,0
ins/rabbit.pose,en,ins,0,0,rabbit,RABBIT,0
ase/sheep.pose,en,ase,0,0,sheep,SHEEP,0
ins/goat.pose,en,ins,0,0,goat,GOAT,0
ins/pig.pose,en,ins,0,0,pig,PIG,0
ins/duck.pose,en,ins,0,0,duck,DUCK,0
ins/hen.pose,en,ins,0,0,hen,HEN,0
ase/crow.pose,en,ase,0,0,crow,CROW,0
ase/parrot.pose,en,ase,0,0,parrot,PARROT,0
ins/house.pose,en,ins,0,0,house,HOUSE,0
ins/room.pose,en,ins,0,0,room,ROOM,0
ins/floor.pose,en,ins,0,0,floor,FLOOR,0
ase/ceiling.pose,en,ase,0,0,ceiling,CEILING,0
ins/wall.pose,en,ins,0,0,wall,WALL,0
ins/roof.pose,en,ins,0,0,roof,ROOF,0
ase/stairs.pose,en,ase,0,0,stairs,STAIRS,0
ins/kitchen.pose,en,ins,0,0,kitchen,KITCHEN,0
ins/toilet.pose,en,ins,0,0,toilet,TOILET,0
ins/lamp.pose,en,ins,0,0,lamp,LAMP,0
ins/fan.pose,en,ins,0,0,fan,FAN,0
ase/television.pose,en,ase,0,0,television,TELEVISION,0
ins/computer.pose,en,ins,0,0,computer,COMPUTER,0
ins/laptop.pose,en,ins,0,0,laptop,LAPTOP,0
ins/bag.pose,en,ins,0,0,bag,BAG,0
ins/key.pose,en,ins,0,0,key,KEY,0
ase/lock.pose,en,ase,0,0,lock,LOCK,0
ins/mirror.pose,en,ins,0,0,mirror,MIRROR,0
ase/clock.pose,en,ase,0,0,clock,CLOCK,0
ins/calendar.pose,en,ins,0,0,calendar,CALENDAR,0
ins/pen.pose,en,ins,0,0,pen,PEN,0
ins/paper.pose,en,ins,0,0,paper,PAPER,0
ins/cup.pose,en,ins,0,0,cup,CUP,0
ins/plate.pose,en,ins,0,0,plate,PLATE,0
ins/spoon.pose,en,ins,0,0,spoon,SPOON,0
ins/knife.pose,en,ins,0,0,knife,KNIFE,0
ase/fork.pose,en,ase,0,0,fork,FORK,0
ins/glass.pose,en,ins,0,0,glass,GLASS,0
ins/box.pose,en,ins,0,0,box,BOX,0
ase/bottle.pose,en,ase,0,0,bottle,BOTTLE,0
ins/bucket.pose,en,ins,0,0,bucket,BUCKET,0
ins/broom.pose,en,ins,0,0,broom,BROOM,0
ins/soap.pose,en,ins,0,0,soap,SOAP,0
ins/towel.pose,en,ins,0,0,towel,TOWEL,0
ase/blanket.pose,en,ase,0,0,blanket,BLANKET,0
ins/pillow.pose,en,ins,0,0,pillow,PILLOW,0
ins/umbrella.pose,en,ins,0,0,umbrella,UMBRELLA,0
ase/shoe.pose,en,ase,0,0,shoe,SHOE,0
ins/hat.pose,en,ins,0,0,hat,HAT,0
ins/shirt.pose,en,ins,0,0,shirt,SHIRT,0
ase/dress.pose,en,ase,0,0,dress,DRESS,0
ins/january.pose,en,ins,0,0,january,JANUARY,0
ins/february.pose,en,ins,0,0,february,FEBRUARY,0
ins/march.pose,en,ins,0,0,march,MARCH,0
ins/april.pose,en,ins,0,0,april,APRIL,0
ins/may.pose,en,ins,0,0,may,MAY,0
ins/june.pose,en,ins,0,0,june,JUNE,0
ins/july.pose,en,ins,0,0,july,JULY,0
ins/august.pose,en,ins,0,0,august,AUGUST,0
ins/september.pose,en,ins,0,0,september,SEPTEMBER,0
ins/october.pose,en,ins,0,0,october,OCTOBER,0
ins/november.pose,en,ins,0,0,november,NOVEMBER,0
ins/december.pose,en,ins,0,0,december,DECEMBER,0
ins/hour.pose,en,ins,0,0,hour,HOUR,0
ins/minute.pose,en,ins,0,0,minute,MINUTE,0
ase/second.pose,en,ase,0,0,second,SECOND,0
ins/early.pose,en,ins,0,0,early,EARLY,0
ins/late.pose,en,ins,0,0,late,LATE,0
ins/soon.pose,en,ins,0,0,soon,SOON,0
ins/before.pose,en,ins,0,0,before,BEFORE,0
ins/after.pose,en,ins,0,0,after,AFTER,0
ins/past.pose,en,ins,0,0,past,PAST,0
ins/future.pose,en,ins,0,0,future,FUTURE,0
ins/zero.pose,en,ins,0,0,zero,ZERO,0
ins/eleven.pose,en,ins,0,0,eleven,ELEVEN,0
ins/twelve.pose,en,ins,0,0,twelve,TWELVE,0
ase/twenty.pose,en,ase,0,0,twenty,TWENTY,0
ins/fifty.pose,en,ins,0,0,fifty,FIFTY,0
ase/million.pose,en,ase,0,0,million,MILLION,0
ins/first.pose,en,ins,0,0,first,FIRST,0
ins/third.pose,en,ins,0,0,third,THIRD,0
ase/half.pose,en,ase,0,0,half,HALF,0
ase/quarter.pose,en,ase,0,0,quarter,QUARTER,0
ins/how_much.pose,en,ins,0,0,how much,HOW_MUCH,0
ins/how_many.pose,en,ins,0,0,how many,HOW_MANY,0
ins/how_long.pose,en,ins,0,0,how long,HOW_LONG,0
ins/how_old.pose,en,ins,0,0,how old,HOW_OLD,0
ins/tall.pose,en,ins,0,0,tall,TALL,0
ins/short.pose,en,ins,0,0,short,SHORT,0
ins/long.pose,en,ins,0,0,long,LONG,0
ins/wide.pose,en,ins,0,0,wide,WIDE,0
ins/narrow.pose,en,ins,0,0,narrow,NARROW,0
ins/heavy.pose,en,ins,0,0,heavy,HEAVY,0
ins/light.pose,en,ins,0,0,light,LIGHT,0
ins/strong.pose,en,ins,0,0,strong,STRONG,0
ins/weak.pose,en,ins,0,0,weak,WEAK,0
ins/rich.pose,en,ins,0,0,rich,RICH,0
ins/poor.pose,en,ins,0,0,poor,POOR,0
ase/full.pose,en,ase,0,0,full,FULL,0
ins/empty.pose,en,ins,0,0,empty,EMPTY,0
ins/closed.pose,en,ins,0,0,closed,CLOSED,0
ins/correct.pose,en,ins,0,0,correct,CORRECT,0
ins/wrong.pose,en,ins,0,0,wrong,WRONG,0
ins/same.pose,en,ins,0,0,same,SAME,0
ins/different.pose,en,ins,0,0,different,DIFFERENT,0
ins/possible.pose,en,ins,0,0,possible,POSSIBLE,0
ins/impossible.pose,en,ins,0,0,impossible,IMPOSSIBLE,0
ins/free.pose,en,ins,0,0,free,FREE,0
ins/busy.pose,en,ins,0,0,busy,BUSY,0
ins/quiet.pose,en,ins,0,0,quiet,QUIET,0
ase/loud.pose,en,ase,0,0,loud,LOUD,0
ins/dark.pose,en,ins,0,0,dark,DARK,0
ins/bright.pose,en,ins,0,0,bright,BRIGHT,0
ins/fresh.pose,en,ins,0,0,fresh,FRESH,0
ins/broken.pose,en,ins,0,0,broken,BROKEN,0
ins/lost.pose,en,ins,0,0,lost,LOST,0
ins/found.pose,en,ins,0,0,found,FOUND,0
ins/special.pose,en,ins,0,0,special,SPECIAL,0
ins/normal.pose,en,ins,0,0,normal,NORMAL,0
ins/strange.pose,en,ins,0,0,strange,STRANGE,0
ins/angry.pose,en,ins,0,0,angry,ANGRY,0
ins/afraid.pose,en,ins,0,0,afraid,AFRAID,0
ins/surprised.pose,en,ins,0,0,surprised,SURPRISED,0
ins/excited.pose,en,ins,0,0,excited,EXCITED,0
ase/bored.pose,en,ase,0,0,bored,BORED,0
ase/worried.pose,en,ase,0,0,worried,WORRIED,0
ins/comfortable.pose,en,ins,0,0,comfortable,COMFORTABLE,0
ase/uncomfortable.pose,en,ase,0,0,uncomfortable,UNCOMFORTABLE,0
ins/expensive.pose,en,ins,0,0,expensive,EXPENSIVE,0
ins/cheap.pose,en,ins,0,0,cheap,CHEAP,0
ase/could.pose,en,ase,0,0,could,COULD,0
ase/would.pose,en,ase,0,0,would,WOULD,0
ins/north.pose,en,ins,0,0,north,NORTH,0
ins/south.pose,en,ins,0,0,south,SOUTH,0
ins/east.pose,en,ins,0,0,east,EAST,0
ase/west.pose,en,ase,0,0,west,WEST,0
ins/front.pose,en,ins,0,0,front,FRONT,0
ins/behind.pose,en,ins,0,0,behind,BEHIND,0
ins/between.pose,en,ins,0,0,between,BETWEEN,0
ins/next_to.pose,en,ins,0,0,next to,NEXT_TO,0
ins/above.pose,en,ins,0,0,above,ABOVE,0
ins/below.pose,en,ins,0,0,below,BELOW,0
ins/straight.pose,en,ins,0,0,straight,STRAIGHT,0
ase/purple.pose,en,ase,0,0,purple,PURPLE,0
ins/brown.pose,en,ins,0,0,brown,BROWN,0
ins/pink.pose,en,ins,0,0,pink,PINK,0
ins/grey.pose,en,ins,0,0,grey,GREY,0
ins/sun.pose,en,ins,0,0,sun,SUN,0
ins/moon.pose,en,ins,0,0,moon,MOON,0
ins/star.pose,en,ins,0,0,star,STAR,0
ins/sky.pose,en,ins,0,0,sky,SKY,0
ase/cloud.pose,en,ase,0,0,cloud,CLOUD,0
ins/rain.pose,en,ins,0,0,rain,RAIN,0
ins/wind.pose,en,ins,0,0,wind,WIND,0
ins/storm.pose,en,ins,0,0,storm,STORM,0
ins/snow.pose,en,ins,0,0,snow,SNOW,0
ins/fog.pose,en,ins,0,0,fog,FOG,0
ins/weather.pose,en,ins,0,0,weather,WEATHER,0
ins/temperature.pose,en,ins,0,0,temperature,TEMPERATURE,0
ins/season.pose,en,ins,0,0,season,SEASON,0
ins/summer.pose,en,ins,0,0,summer,SUMMER,0
ins/winter.pose,en,ins,0,0,winter,WINTER,0
ase/spring.pose,en,ase,0,0,spring,SPRING,0
ase/autumn.pose,en,ase,0,0,autumn,AUTUMN,0
ase/day.pose,en,ase,0,0,day,DAY,0
ins/fire.pose,en,ins,0,0,fire,FIRE,0
ase/earth.pose,en,ase,0,0,earth,EARTH,0
ins/air.pose,en,ins,0,0,air,AIR,0
ins/tree.pose,en,ins,0,0,tree,TREE,0
ins/flower.pose,en,ins,0,0,flower,FLOWER,0
ins/grass.pose,en,ins,0,0,grass,GRASS,0
ins/plant.pose,en,ins,0,0,plant,PLANT,0
ins/seed.pose,en,ins,0,0,seed,SEED,0
ins/health.pose,en,ins,0,0,health,HEALTH,0
ins/pain.pose,en,ins,0,0,pain,PAIN,0
ins/fever.pose,en,ins,0,0,fever,FEVER,0
ase/cough.pose,en,ase,0,0,cough,COUGH,0
ins/headache.pose,en,ins,0,0,headache,HEADACHE,0
ins/accident.pose,en,ins,0,0,accident,ACCIDENT,0
ins/emergency.pose,en,ins,0,0,emergency,EMERGENCY,0
ase/surgery.pose,en,ase,0,0,surgery,SURGERY,0
ins/injection.pose,en,ins,0,0,injection,INJECTION,0
ase/tablet.pose,en,ase,0,0,tablet,TABLET,0
ins/blood_pressure.pose,en,ins,0,0,blood pressure,BLOOD_PRESSURE,0
ins/diabetes.pose,en,ins,0,0,diabetes,DIABETES,0
ins/allergy.pose,en,ins,0,0,allergy,ALLERGY,0
ins/heart_attack.pose,en,ins,0,0,heart attack,HEART_ATTACK,0
ins/ambulance.pose,en,ins,0,0,ambulance,AMBULANCE,0
ins/first_aid.pose,en,ins,0,0,first aid,FIRST_AID,0
ins/class.pose,en,ins,0,0,class,CLASS,0
ase/lesson.pose,en,ase,0,0,lesson,LESSON,0
ins/homework.pose,en,ins,0,0,homework,HOMEWORK,0
ins/exam.pose,en,ins,0,0,exam,EXAM,0
ins/question.pose,en,ins,0,0,question,QUESTION,0
ins/answer.pose,en,ins,0,0,answer,ANSWER,0
ins/pass.pose,en,ins,0,0,pass,PASS,0
ase/fail.pose,en,ase,0,0,fail,FAIL,0
ins/college.pose,en,ins,0,0,college,COLLEGE,0
ins/university.pose,en,ins,0,0,university,UNIVERSITY,0
ins/subject.pose,en,ins,0,0,subject,SUBJECT,0
ins/english.pose,en,ins,0,0,english,ENGLISH,0
ins/mathematics.pose,en,ins,0,0,mathematics,MATHEMATICS,0
ins/science.pose,en,ins,0,0,science,SCIENCE,0
ins/history.pose,en,ins,0,0,history,HISTORY,0
ins/geography.pose,en,ins,0,0,geography,GEOGRAPHY,0
ins/certificate.pose,en,ins,0,0,certificate,CERTIFICATE,0
ins/degree.pose,en,ins,0,0,degree,DEGREE,0
ins/bus.pose,en,ins,0,0,bus,BUS,0
ins/train.pose,en,ins,0,0,train,TRAIN,0
ins/bike.pose,en,ins,0,0,bike,BIKE,0
ins/airplane.pose,en,ins,0,0,airplane,AIRPLANE,0
ins/ship.pose,en,ins,0,0,ship,SHIP,0
ins/taxi.pose,en,ins,0,0,taxi,TAXI,0
ins/ticket.pose,en,ins,0,0,ticket,TICKET,0
ins/journey.pose,en,ins,0,0,journey,JOURNEY,0
ase/travel.pose,en,ase,0,0,travel,TRAVEL,0
ins/map.pose,en,ins,0,0,map,MAP,0
ins/address.pose,en,ins,0,0,address,ADDRESS,0
ase/direction.pose,en,ase,0,0,direction,DIRECTION,0
ins/passport.pose,en,ins,0,0,passport,PASSPORT,0
ase/visa.pose,en,ase,0,0,visa,VISA,0
ins/luggage.pose,en,ins,0,0,luggage,LUGGAGE,0
ins/sport.pose,en,ins,0,0,sport,SPORT,0
ins/football.pose,en,ins,0,0,football,FOOTBALL,0
ins/cricket.pose,en,ins,0,0,cricket,CRICKET,0
ins/basketball.pose,en,ins,0,0,basketball,BASKETBALL,0
ase/tennis.pose,en,ase,0,0,tennis,TENNIS,0
ins/swimming.pose,en,ins,0,0,swimming,SWIMMING,0
ase/running.pose,en,ase,0,0,running,RUNNING,0
ase/cycling.pose,en,ase,0,0,cycling,CYCLING,0
ase/yoga.pose,en,ase,0,0,yoga,YOGA,0
ins/exercise.pose,en,ins,0,0,exercise,EXERCISE,0
ase/game.pose,en,ase,0,0,game,GAME,0
ase/team.pose,en,ase,0,0,team,TEAM,0
ins/player.pose,en,ins,0,0,player,PLAYER,0
ase/score.pose,en,ase,0,0,score,SCORE,0
ase/match.pose,en,ase,0,0,match,MATCH,0
ins/practice.pose,en,ins,0,0,practice,PRACTICE,0
ins/internet.pose,en,ins,0,0,internet,INTERNET,0
ase/email.pose,en,ase,0,0,email,EMAIL,0
ins/message.pose,en,ins,0,0,message,MESSAGE,0
ins/video.pose,en,ins,0,0,video,VIDEO,0
ins/camera.pose,en,ins,0,0,camera,CAMERA,0
ins/radio.pose,en,ins,0,0,radio,RADIO,0
ins/battery.pose,en,ins,0,0,battery,BATTERY,0
ins/charge.pose,en,ins,0,0,charge,CHARGE,0
ins/password.pose,en,ins,0,0,password,PASSWORD,0
ase/website.pose,en,ase,0,0,website,WEBSITE,0
ins/application.pose,en,ins,0,0,application,APPLICATION,0
ase/social_media.pose,en,ase,0,0,social media,SOCIAL_MEDIA,0
ins/hate.pose,en,ins,0,0,hate,HATE,0
ins/fear.pose,en,ins,0,0,fear,FEAR,0
ins/hope.pose,en,ins,0,0,hope,HOPE,0
ins/trust.pose,en,ins,0,0,trust,TRUST,0
ins/respect.pose,en,ins,0,0,respect,RESPECT,0
ins/care.pose,en,ins,0,0,care,CARE,0
ins/emotion.pose,en,ins,0,0,emotion,EMOTION,0
ins/feeling.pose,en,ins,0,0,feeling,FEELING,0
ase/happiness.pose,en,ase,0,0,happiness,HAPPINESS,0
ase/sadness.pose,en,ase,0,0,sadness,SADNESS,0
ins/anger.pose,en,ins,0,0,anger,ANGER,0
ins/peace.pose,en,ins,0,0,peace,PEACE,0
ins/dream.pose,en,ins,0,0,dream,DREAM,0
ase/wish.pose,en,ase,0,0,wish,WISH,0
ins/believe.pose,en,ins,0,0,believe,BELIEVE,0
ins/price.pose,en,ins,0,0,price,PRICE,0
ins/cost.pose,en,ins,0,0,cost,COST,0
ins/shop.pose,en,ins,0,0,shop,SHOP,0
ins/discount.pose,en,ins,0,0,discount,DISCOUNT,0
ins/cash.pose,en,ins,0,0,cash,CASH,0
ins/loan.pose,en,ins,0,0,loan,LOAN,0
ins/also.pose,en,ins,0,0,also,ALSO,0
ins/only.pose,en,ins,0,0,only,ONLY,0
ins/just.pose,en,ins,0,0,just,JUST,0
ins/really.pose,en,ins,0,0,really,REALLY,0
ase/too.pose,en,ase,0,0,too,TOO,0
ase/so.pose,en,ase,0,0,so,SO,0
ins/then.pose,en,ins,0,0,then,THEN,0
ins/because.pose,en,ins,0,0,because,BECAUSE,0
ins/but.pose,en,ins,0,0,but,BUT,0
ase/and.pose,en,ase,0,0,and,AND,0
ins/or.pose,en,ins,0,0,or,OR,0
ins/if.pose,en,ins,0,0,if,IF,0
ase/while.pose,en,ase,0,0,while,WHILE,0
ase/although.pose,en,ase,0,0,although,ALTHOUGH,0
ase/quickly.pose,en,ase,0,0,quickly,QUICKLY,0
ins/slowly.pose,en,ins,0,0,slowly,SLOWLY,0
ins/carefully.pose,en,ins,0,0,carefully,CAREFULLY,0
ase/clearly.pose,en,ase,0,0,clearly,CLEARLY,0
ins/suddenly.pose,en,ins,0,0,suddenly,SUDDENLY,0
